{"cameraMode":{"drawMode":0,"name":"Shaded","section":"Shading Mode"},"sceneLighting":true,"audioPlay":false,"sceneViewState":{"m_AlwaysRefresh":false,"showFog":true,"showSkybox":true,"showFlares":true,"showImageEffects":true,"showParticleSystems":true,"showVisualEffectGraphs":true,"m_FxEnabled":true},"in2DMode":false,"pivot":{"x":552.7649536132813,"y":463.4990234375,"z":1032.7352294921875},"rotation":{"x":0.002999815158545971,"y":0.010499640367925167,"z":-0.000032758900488261133,"w":0.9999443888664246},"size":884.0052490234375,"orthographic":false}